<?xml version="1.0" encoding="UTF-8" standalone="yes"?>
<groupHaul xmlns:a="http://www.appian.com/ae/types/2009">
    <versionUuid>d77a4430-a007-4d98-8530-0a8f5135b0a8</versionUuid>
    <group>
        <name>AD Administrators</name>
        <securityMap>SECURITYMAP_TEAM</securityMap>
        <uuid>d77a4430-a007-4d98-8530-0a8f5135b0a8</uuid>
        <groupTypeUuid>SYSTEM_GROUP_TYPE_CUSTOM</groupTypeUuid>
        <description>Assigns Administrator permissions to users for objects in the application</description>
        <delegatedCreation>false</delegatedCreation>
        <memberPolicy>MEMBERPOLICY_CLOSED</memberPolicy>
        <viewingPolicy>VIEWINGPOLICY_LOW</viewingPolicy>
        <attributes/>
    </group>
    <members>
        <users/>
        <groups/>
    </members>
    <admins>
        <users/>
        <groups>
            <groupUuid>d77a4430-a007-4d98-8530-0a8f5135b0a8</groupUuid>
        </groups>
    </admins>
    <ruleSet/>
    <history>
        <historyInfo versionUuid="d77a4430-a007-4d98-8530-0a8f5135b0a8"/>
    </history>
</groupHaul>
